<?xml version="1.0" encoding="utf-8"?>
<extension type="component" version="2.5" method="upgrade">
    <name>com_easybookreloaded</name>
    <author>Viktor Vogel</author>
    <creationDate>2013-07-29</creationDate>
    <copyright>Copyright 2013 Viktor Vogel - All rights reserved</copyright>
    <license>Released under GNU/GPL</license>
    <authorEmail>admin@kubik-rubik.de</authorEmail>
    <authorUrl>http://joomla-extensions.kubik-rubik.de</authorUrl>
    <version>2.5-6</version>
    <description>COM_EASYBOOKRELOADED_XML_DESCRIPTION</description>
    <install>
        <sql>
            <file driver="mysql" charset="utf8">sql/install.sql</file>
        </sql>
    </install>
    <update>
        <schemas>
            <schemapath type="mysql">sql/updates/mysql</schemapath>
        </schemas>
    </update>
    <files folder="site">
        <filename>index.html</filename>
        <filename>easybookreloaded.php</filename>
        <filename>controller.php</filename>
        <filename>router.php</filename>
        <filename>acl.php</filename>
        <folder>controllers</folder>
        <folder>helpers</folder>
        <folder>views</folder>
        <folder>models</folder>
        <folder>images</folder>
        <folder>css</folder>
        <folder>scripts</folder>
    </files>
    <languages folder="site">
        <language tag="en-GB">language/en-GB/en-GB.com_easybookreloaded.ini</language>
        <language tag="de-DE">language/de-DE/de-DE.com_easybookreloaded.ini</language>
    </languages>
    <administration>
        <menu img="components/com_easybookreloaded/images/easybook_ico.png">COM_EASYBOOKRELOADED</menu>
        <submenu>
            <menu img="components/com_easybookreloaded/images/easybook_edit.png" link="option=com_easybookreloaded">COM_EASYBOOKRELOADED_MANAGE_ENTRIES</menu>
            <menu img="components/com_easybookreloaded/images/easybook_config.png" link="option=com_easybookreloaded&amp;task=config">COM_EASYBOOKRELOADED_CONFIG</menu>
            <menu img="components/com_easybookreloaded/images/easybook_unhappy.png" link="option=com_easybookreloaded&amp;controller=badwords">COM_EASYBOOKRELOADED_BADWORDFILTER</menu>
            <menu img="components/com_easybookreloaded/images/easybook_info.png" link="option=com_easybookreloaded&amp;task=about">COM_EASYBOOKRELOADED_ABOUT</menu>
        </submenu>
        <files folder="admin">
            <filename>index.html</filename>
            <filename>config.xml</filename>
            <filename>access.xml</filename>
            <filename>easybookreloaded.php</filename>
            <filename>controller.php</filename>
            <folder>models</folder>
            <folder>helpers</folder>
            <folder>css</folder>
            <folder>images</folder>
            <folder>views</folder>
            <folder>controllers</folder>
            <folder>tables</folder>
            <folder>sql</folder>
        </files>
        <languages folder="admin">
            <language tag="en-GB">language/en-GB/en-GB.com_easybookreloaded.ini</language>
            <language tag="en-GB">language/en-GB/en-GB.com_easybookreloaded.sys.ini</language>
            <language tag="de-DE">language/de-DE/de-DE.com_easybookreloaded.ini</language>
            <language tag="de-DE">language/de-DE/de-DE.com_easybookreloaded.sys.ini</language>
        </languages>
    </administration>
</extension>